fold,year,demand_mode,second_stage_cost,ens_mwh,ens_hours,diesel_mwh,wind_mwh,first_stage_cost,total_proxy,status
loo_year,1980.0,center,2997996.468936329,572.1530229139328,69,8086.1448200746545,69527.02237844467,155400.0,3153396.468936329,ok:0.30s
loo_year,1980.0,high,3174475.5004551187,718.8665314728498,81,8185.363229940896,69527.02237844467,155400.0,3329875.5004551187,ok:0.32s
loo_year,1981.0,center,4366014.002020575,1625.4334090182037,195,9135.26864334124,60644.345519155264,155400.0,4521414.002020575,ok:0.31s
loo_year,1981.0,high,4820470.786360818,1996.8397907672402,201,9412.103318645259,60644.345519155264,155400.0,4975870.786360818,ok:0.30s
loo_year,1982.0,center,3135719.05987259,740.9100342273712,95,7982.696752150729,65700.97770711035,155400.0,3291119.05987259,ok:0.31s
loo_year,1982.0,high,3374323.5267944504,948.4790349817275,108,8086.148306042409,65700.97770711035,155400.0,3529723.5267944504,ok:0.30s
loo_year,1983.0,center,4375643.571997961,1703.714165687993,182,8906.431354366556,59362.7587819919,155400.0,4531043.571997961,ok:0.31s
loo_year,1983.0,high,4896553.045451789,2114.8181141202003,219,9272.449771105299,59362.7587819919,155400.0,5051953.045451789,ok:0.30s
loo_year,1984.0,center,3138310.7818362294,605.0969012245537,68,8444.046268705586,64567.538508959115,155400.0,3293710.7818362294,ok:0.30s
loo_year,1984.0,high,3363052.728700769,765.1778905108571,81,8659.582793966372,64567.538508959115,155400.0,3518452.728700769,ok:0.30s
loo_year,1985.0,center,3397665.920961414,758.8331527627706,104,8796.10922732881,64577.149282082915,155400.0,3553065.920961414,ok:0.30s
loo_year,1985.0,high,3727996.997687075,1010.7920340114592,129,9057.349878918718,64577.149282082915,155400.0,3883396.997687075,ok:0.31s
loo_year,1986.0,center,3395235.451685902,879.7343290610836,93,8385.003742082728,67866.77980112284,155400.0,3550635.451685902,ok:0.30s
loo_year,1986.0,high,3704651.654366537,1110.4403190403923,110,8647.371117753817,67866.77980112284,155400.0,3860051.654366537,ok:0.30s
loo_year,1987.0,center,4044628.641040265,1310.681793765843,147,9113.156157581408,61938.05925796926,155400.0,4200028.641040266,ok:0.30s
loo_year,1987.0,high,4464352.974040935,1634.6967519277334,168,9432.187407044004,61938.05925796926,155400.0,4619752.974040935,ok:0.30s
loo_year,1988.0,center,3653054.981391646,1109.8810556690096,135,8477.246419075454,60951.33104600012,155400.0,3808454.981391646,ok:0.30s
loo_year,1988.0,high,3981297.555860565,1369.0534770576414,138,8707.48026267641,60951.33104600012,155400.0,4136697.555860565,ok:0.30s
loo_year,1989.0,center,3682390.6628078194,1152.4642897623776,132,8433.087910151473,62622.818283207715,155400.0,3837790.6628078194,ok:0.30s
loo_year,1989.0,high,4060023.5245473273,1442.9943679260016,143,8723.430522071085,62622.818283207715,155400.0,4215423.524547327,ok:0.30s
loo_year,1990.0,center,4970750.366875338,2037.7285591843724,232,9776.739358969888,54721.31935541332,155400.0,5126150.366875338,ok:0.31s
loo_year,1990.0,high,5546107.912825328,2468.2783625273705,240,10259.431834326528,54721.31935541332,155400.0,5701507.912825328,ok:0.31s
loo_year,1991.0,center,3682801.2172241956,1014.5825937280058,115,8894.062078320632,63412.29519029707,155400.0,3838201.2172241956,ok:0.30s
loo_year,1991.0,high,3990838.68910192,1252.5384285687805,126,9127.667535110464,63412.29519029707,155400.0,4146238.68910192,ok:0.30s
loo_year,1992.0,center,3535925.1493331473,868.1523240190744,128,8892.576084380244,58093.50296725333,155400.0,3691325.1493331473,ok:0.30s
loo_year,1992.0,high,3942468.9029843058,1160.8111674953698,148,9272.192451629786,58093.50296725333,155400.0,4097868.9029843058,ok:0.31s
loo_year,1993.0,center,4023259.37254938,1365.8565154388994,161,8858.009523701603,62389.11286243796,155400.0,4178659.37254938,ok:0.31s
loo_year,1993.0,high,4444927.832634447,1703.4608598360658,174,9138.223242661268,62389.11286243796,155400.0,4600327.832634447,ok:0.30s
loo_year,1994.0,center,3475180.9667646424,860.8997728387862,115,8714.270646419522,60743.42800587416,155400.0,3630580.9667646424,ok:0.29s
loo_year,1994.0,high,3822639.237858292,1120.6396411993533,136,9006.665322196463,60743.42800587416,155400.0,3978039.237858292,ok:0.32s
loo_year,1995.0,center,4051193.9100903864,1317.5344854331015,156,9112.19808219095,60862.69160208851,155400.0,4206593.910090387,ok:0.30s
loo_year,1995.0,high,4442774.803861151,1626.6046539599895,168,9387.23383300387,60862.69160208851,155400.0,4598174.803861151,ok:0.30s
loo_year,1996.0,center,3065994.4079120695,576.0449160054326,70,8299.83163968879,67977.34255690873,155400.0,3221394.4079120695,ok:0.30s
loo_year,1996.0,high,3260587.17000173,717.7709348538518,74,8476.054117159594,67977.34255690873,155400.0,3415987.17000173,ok:0.30s
loo_year,1997.0,center,3768615.90628532,1021.2887534752488,128,9157.75717603357,60848.02977323532,155400.0,3924015.90628532,ok:0.30s
loo_year,1997.0,high,4152731.2955493815,1304.0201251009107,142,9495.7039014949,60848.02977323532,155400.0,4308131.2955493815,ok:0.29s
loo_year,1998.0,center,4964781.694742957,2042.3168376384751,234,9741.549523681606,55436.853599734604,155400.0,5120181.694742957,ok:0.29s
loo_year,1998.0,high,5649482.673420522,2550.11978745985,271,10331.209619868909,55436.853599734604,155400.0,5804882.673420522,ok:0.30s
loo_year,1999.0,center,4392726.718943302,1514.056267458558,201,9595.568171615814,55570.93664560467,155400.0,4548126.718943302,ok:0.32s
loo_year,1999.0,high,4950077.731964383,1932.035613282597,217,10060.140395605953,55570.93664560467,155400.0,5105477.731964383,ok:0.31s
loo_year,2000.0,center,3188764.1101758583,681.5125326484442,80,8357.505258424713,63361.86590142548,155400.0,3344164.1101758583,ok:0.31s
loo_year,2000.0,high,3446972.9501337796,872.881276744008,98,8580.305577965906,63361.86590142548,155400.0,3602372.9501337796,ok:0.31s
loo_year,2001.0,center,3217621.837640934,670.7656786978245,67,8489.520529810365,68901.6314657703,155400.0,3373021.837640934,ok:0.30s
loo_year,2001.0,high,3428146.5731492247,821.5402072224379,79,8688.687886422624,68901.6314657703,155400.0,3583546.5731492247,ok:0.30s
loo_year,2002.0,center,4593896.322393243,1684.1934591965526,196,9699.00954398897,56179.47793998569,155400.0,4749296.322393243,ok:0.30s
loo_year,2002.0,high,5181244.255176576,2132.2747387772797,229,10163.231721330987,56179.47793998569,155400.0,5336644.255176576,ok:0.30s
loo_year,2003.0,center,3042572.931977699,498.1164819595814,75,8481.521500060391,66224.08171697706,155400.0,3197972.931977699,ok:0.30s
loo_year,2003.0,high,3333808.0023053437,698.3644155606985,90,8784.811955815487,66224.08171697706,155400.0,3489208.0023053437,ok:0.31s
loo_year,2004.0,center,5276100.35871342,2413.227824428782,254,9542.908447615462,53525.00083280355,155400.0,5431500.35871342,ok:0.30s
loo_year,2004.0,high,5891115.658564327,2902.781506362733,284,9961.11384067198,53525.00083280355,155400.0,6046515.658564327,ok:0.30s
loo_year,2005.0,center,4687357.009733323,1888.1451633267402,201,9330.70615468861,58756.84332677722,155400.0,4842757.009733323,ok:0.30s
loo_year,2005.0,high,5223853.128607041,2315.3859339253186,217,9694.89064893908,58756.84332677722,155400.0,5379253.128607041,ok:0.29s
loo_year,2006.0,center,3510703.976822122,1044.3971710606813,108,8221.022685871469,63324.00664655864,155400.0,3666103.976822122,ok:0.30s
loo_year,2006.0,high,3794770.494543556,1274.345170168036,128,8401.4177479184,63324.00664655864,155400.0,3950170.494543556,ok:0.30s
loo_year,2007.0,center,3966451.8688917225,1289.2676175399274,145,8923.947504505984,62052.275631189346,155400.0,4121851.8688917225,ok:0.29s
loo_year,2007.0,high,4363570.843424871,1592.9120056203158,167,9235.529459348518,62052.275631189346,155400.0,4518970.843424871,ok:0.29s
loo_year,2008.0,center,5179220.347749177,2234.769809956849,260,9814.835125974429,52817.15979422629,155400.0,5334620.347749177,ok:0.31s
loo_year,2008.0,high,5862079.688170326,2780.3845602998135,288,10272.317092901705,52817.15979422629,155400.0,6017479.688170326,ok:0.31s
loo_year,2009.0,center,2746383.040568444,411.49938340932124,58,7782.945523863741,69341.01204913855,155400.0,2901783.040568444,ok:0.30s
loo_year,2009.0,high,2901784.551322946,543.9676049020886,63,7859.389821402857,69341.01204913855,155400.0,3057184.551322946,ok:0.30s
loo_year,2010.0,center,3593852.1452970062,926.6749373994468,120,8890.590692991864,63246.6333367154,155400.0,3749252.1452970062,ok:0.30s
loo_year,2010.0,high,3988631.4092564294,1205.866859046042,137,9275.881834034624,63246.6333367154,155400.0,4144031.4092564294,ok:0.30s
loo_year,2011.0,center,4456067.513821172,1743.9177505741195,191,9040.499210823506,59775.22643454373,155400.0,4611467.513821172,ok:0.30s
loo_year,2011.0,high,4966895.844395693,2164.431588353155,217,9341.5475201418,59775.22643454373,155400.0,5122295.844395693,ok:0.29s
loo_year,2012.0,center,3999701.7811704446,1381.2908260093927,156,8728.036517203505,58432.17305676639,155400.0,4155101.7811704446,ok:0.30s
loo_year,2012.0,high,4442758.937437753,1725.4278663650275,175,9057.770236909088,58432.17305676639,155400.0,4598158.937437753,ok:0.31s
loo_year,2013.0,center,6971092.732302735,3683.398540039778,379,10958.980640876522,47706.77930485457,155400.0,7126492.732302735,ok:0.30s
loo_year,2013.0,high,7896007.079536662,4420.34234225117,412,11585.549124284977,47706.77930485457,155400.0,8051407.079536662,ok:0.30s
loo_year,2014.0,center,3598910.4992385204,1090.2744083445073,118,8362.120302980044,66039.2849496752,155400.0,3754310.4992385204,ok:0.29s
loo_year,2014.0,high,3886258.0165121383,1326.3682367554188,128,8532.965932522398,66039.2849496752,155400.0,4041658.0165121383,ok:0.30s
loo_year,2015.0,center,4448322.262363638,1656.7199992424248,182,9305.340877070708,60707.73980566859,155400.0,4603722.262363638,ok:0.30s
loo_year,2015.0,high,4894125.192953904,2005.9542235302924,190,9627.236564745373,60707.73980566859,155400.0,5049525.192953904,ok:0.30s
loo_year,2016.0,center,5769015.480850017,2791.264798992045,286,9925.835606193237,53493.13707882911,155400.0,5924415.480850017,ok:0.30s
loo_year,2016.0,high,6475486.220050261,3361.0259421666206,313,10381.534259612137,53493.13707882911,155400.0,6630886.220050261,ok:0.30s
loo_year,2017.0,center,3384913.9499344104,775.4312029123306,97,8698.275823406932,63586.82679145038,155400.0,3540313.9499344104,ok:0.31s
loo_year,2017.0,high,3687672.515980134,996.6765557742119,116,8969.986534019738,63586.82679145038,155400.0,3843072.515980134,ok:0.30s
